{"cameraMode":{"drawMode":0,"name":"Shaded","section":"Shading Mode"},"sceneLighting":true,"audioPlay":false,"sceneViewState":{"showFog":true,"showMaterialUpdate":false,"showSkybox":true,"showFlares":true,"showImageEffects":true,"showParticleSystems":true},"in2DMode":false,"pivot":{"x":526.6800537109375,"y":262.6925048828125,"z":0.0},"rotation":{"x":-0.06774754077196121,"y":-0.017361965030431749,"z":0.0011790904682129622,"w":-0.9975512027740479},"size":719.4511108398438,"orthographic":false}