{"cameraMode":{"drawMode":0,"name":"Shaded","section":"Shading Mode"},"sceneLighting":false,"audioPlay":false,"sceneViewState":{"showFog":true,"showMaterialUpdate":false,"showSkybox":false,"showFlares":true,"showImageEffects":true,"showParticleSystems":true},"in2DMode":false,"pivot":{"x":4.389999866485596,"y":0.27000001072883608,"z":0.0},"rotation":{"x":-0.06774754077196121,"y":-0.017361965030431749,"z":0.0011790904682129622,"w":-0.9975512027740479},"size":1.5741428136825562,"orthographic":false}